tx_date,file_date,last_name,first_name,order_type,ticker,asset_name,tx_amount
03/06/2025,03/22/2025,Moody,Ashley,Purchase,--,LLY,"$100,001 - $250,000"
02/24/2025,03/22/2025,Moody,Ashley,Sale (Full),--,CRWD PUT,"$1,001 - $15,000"
02/24/2025,03/22/2025,Moody,Ashley,Sale (Full),--,CCL PUT,"$1,001 - $15,000"
02/24/2025,03/22/2025,Moody,Ashley,Sale (Full),--,OKTA PUT,"$1,001 - $15,000"
02/24/2025,03/22/2025,Moody,Ashley,Purchase,--,AMD,"$100,001 - $250,000"
02/24/2025,03/22/2025,Moody,Ashley,Sale (Partial),--,SMCI,"$50,001 - $100,000"
02/24/2025,03/22/2025,Moody,Ashley,Sale (Partial),--,SMCI,"$15,001 - $50,000"
02/24/2025,03/22/2025,Moody,Ashley,Sale (Full),--,HWM,"$50,001 - $100,000"
02/24/2025,03/22/2025,Moody,Ashley,Sale (Full),--,AMAT CALL,"$1,001 - $15,000"
02/24/2025,03/22/2025,Moody,Ashley,Sale (Full),--,ASML CALL,"$1,001 - $15,000"
02/24/2025,03/22/2025,Moody,Ashley,Sale (Full),--,CRSP CALL,"$1,001 - $15,000"
02/24/2025,03/22/2025,Moody,Ashley,Sale (Full),--,ARDX CALL,"$1,001 - $15,000"
02/24/2025,03/22/2025,Moody,Ashley,Sale (Full),--,NCLH CALL,"$1,001 - $15,000"
02/24/2025,03/22/2025,Moody,Ashley,Sale (Full),--,NCLH CALL,"$1,001 - $15,000"
02/24/2025,03/22/2025,Moody,Ashley,Sale (Full),--,QQQ M CALL,"$1,001 - $15,000"
02/24/2025,03/22/2025,Moody,Ashley,Sale (Full),--,SYM CALL,"$1,001 - $15,000"
02/24/2025,03/22/2025,Moody,Ashley,Sale (Full),--,SYM CALL,"$1,001 - $15,000"
02/24/2025,03/22/2025,Moody,Ashley,Sale (Full),--,TFC CALL,"$1,001 - $15,000"
02/24/2025,03/22/2025,Moody,Ashley,Sale (Full),--,WYNN CALL,"$1,001 - $15,000"
02/24/2025,03/22/2025,Moody,Ashley,Purchase,--,GENI,"$1,001 - $15,000"
02/24/2025,03/22/2025,Moody,Ashley,Purchase,--,ASML,"$50,001 - $100,000"
02/20/2025,03/22/2025,Moody,Ashley,Sale (Full),--,KPTI,"$1,001 - $15,000"
02/20/2025,03/22/2025,Moody,Ashley,Sale (Full),--,DM,"$1,001 - $15,000"
02/20/2025,03/22/2025,Moody,Ashley,Sale (Full),--,ADCT,"$1,001 - $15,000"
02/11/2025,03/19/2025,Smith,Tina,Sale (Full),PEP,"PepsiCo, Inc. - Common Stock","$100,001 - $250,000"
02/11/2025,03/19/2025,Smith,Tina,Sale (Full),GIS,"General Mills, Inc. Common Stock","$100,001 - $250,000"
02/26/2025,03/19/2025,McCormick,David H,Purchase,BITB,Bitwise Bitcoin ETF,"$15,001 - $50,000"
02/25/2025,03/19/2025,McCormick,David H,Purchase,BITB,Bitwise Bitcoin ETF,"$50,001 - $100,000"
03/03/2025,03/12/2025,"McConnell, Jr.",A. Mitchell,Purchase,WFC,Wells Fargo & Company,"$1,001 - $15,000"
02/18/2025,03/10/2025,Banks,James,Sale (Full),YUM,"Yum! BrandsCompany:Yum
                                                    
                                                        Â (Louisville, KY)Description:Food","$1,001 - $15,000"
02/04/2025,03/06/2025,Boozman,John,Sale (Full),QSR,Restaurant Brands International,"$1,001 - $15,000"
02/13/2025,03/06/2025,Boozman,John,Sale (Full),PFE,Pfizer Inc,"$1,001 - $15,000"
02/05/2025,03/06/2025,Boozman,John,Sale (Partial),LRCX,Lam Research Corp,"$1,001 - $15,000"
02/05/2025,03/06/2025,Boozman,John,Sale (Partial),JPM,JP Morgan Chase & Company,"$1,001 - $15,000"
02/26/2025,03/06/2025,Boozman,John,Sale (Partial),IVW,iShares S&P 500 Growth ETF,"$1,001 - $15,000"
02/14/2025,03/06/2025,Boozman,John,Sale (Partial),IVW,iShares S&P 500 Growth ETF,"$1,001 - $15,000"
02/26/2025,03/06/2025,Boozman,John,Sale (Partial),FTGC,First Trust Global Tactical Commodity Strategy Fun,"$1,001 - $15,000"
02/26/2025,03/06/2025,Boozman,John,Sale (Partial),EMLP,First Trust North American Energy Infrastructure F,"$1,001 - $15,000"
02/13/2025,03/06/2025,Boozman,John,Sale (Full),DIS,Walt Disney Company,"$1,001 - $15,000"
02/05/2025,03/06/2025,Boozman,John,Sale (Partial),BAC,Bank of America Corp,"$1,001 - $15,000"
02/25/2025,03/06/2025,Boozman,John,Purchase,URNM,Sprott Uranium Miners ETF,"$1,001 - $15,000"
02/26/2025,03/06/2025,Boozman,John,Purchase,LITP,Sprott Lithium Miners ETF,"$1,001 - $15,000"
02/26/2025,03/06/2025,Boozman,John,Purchase,NVDA,Nvidia Corp,"$1,001 - $15,000"
02/26/2025,03/06/2025,Boozman,John,Purchase,MSI,Motorola Solutions,"$1,001 - $15,000"
02/14/2025,03/06/2025,Boozman,John,Purchase,MSFT,Microsoft Corp,"$1,001 - $15,000"
02/05/2025,03/06/2025,Boozman,John,Purchase,MSFT,Microsoft Corp,"$1,001 - $15,000"
02/05/2025,03/06/2025,Boozman,John,Purchase,MA,Mastercard Inc,"$1,001 - $15,000"
02/26/2025,03/06/2025,Boozman,John,Purchase,TBLL,Invesco Short Term Treasury ETF,"$1,001 - $15,000"
02/26/2025,03/06/2025,Boozman,John,Purchase,ECL,Ecolab Inc,"$1,001 - $15,000"
02/13/2025,03/06/2025,Boozman,John,Purchase,BSX,Boston Scientific Corp,"$1,001 - $15,000"
02/26/2025,03/06/2025,Boozman,John,Purchase,AXP,American Express Company,"$1,001 - $15,000"
02/05/2025,03/06/2025,Boozman,John,Purchase,AXP,American Express Company,"$1,001 - $15,000"
02/26/2025,03/06/2025,Boozman,John,Purchase,AMZN,Amazon.com Inc,"$1,001 - $15,000"
02/04/2025,03/06/2025,Boozman,John,Purchase,AMZN,Amazon.com Inc,"$1,001 - $15,000"
02/13/2025,03/06/2025,Boozman,John,Purchase,GOOGL,Alphabet Cl A,"$1,001 - $15,000"
02/25/2025,03/06/2025,Capito,Shelley M,Purchase,--,Meta Platforms Inc,"$1,001 - $15,000"
02/24/2025,03/06/2025,Capito,Shelley M,Sale (Full),CMCSA,Comcast Corp A,"$1,001 - $15,000"
02/24/2025,03/06/2025,Capito,Shelley M,Sale (Partial),ACN,Accenture Plc,"$1,001 - $15,000"
02/24/2025,03/06/2025,Capito,Shelley M,Sale (Partial),ABT,Abbott Laboratories,"$1,001 - $15,000"
02/05/2025,03/06/2025,Capito,Shelley M,Sale (Partial),AAPL,Apple Inc,"$1,001 - $15,000"
02/04/2025,03/06/2025,Capito,Shelley M,Purchase,CEG,Constellation Energy Corp,"$1,001 - $15,000"
02/04/2025,03/06/2025,Capito,Shelley M,Sale (Partial),MSFT,Microsoft Corp,"$1,001 - $15,000"
02/26/2025,03/05/2025,McCormick,David H,Purchase,BITB,Bitwise Bitcoin ETF,"$15,001 - $50,000"
02/25/2025,03/05/2025,McCormick,David H,Purchase,BITB,Bitwise Bitcoin ETF,"$50,001 - $100,000"
02/03/2025,02/27/2025,Mullin,Markwayne,Purchase,WAB,Wabtec Corp,"$1,001 - $15,000"
02/03/2025,02/27/2025,Mullin,Markwayne,Purchase,PRMB,Primo Water Corp,"$1,001 - $15,000"
02/03/2025,02/27/2025,Mullin,Markwayne,Purchase,MTZ,Mastec Inc,"$1,001 - $15,000"
02/03/2025,02/27/2025,Mullin,Markwayne,Purchase,LRN,Stride Inc,"$1,001 - $15,000"
02/03/2025,02/27/2025,Mullin,Markwayne,Purchase,IRM,Iron Mountain Inc,"$1,001 - $15,000"
02/03/2025,02/27/2025,Mullin,Markwayne,Purchase,GS,Goldman Sachs Group,"$1,001 - $15,000"
02/03/2025,02/27/2025,Mullin,Markwayne,Purchase,DELL,Dell Technologies Inc,"$1,001 - $15,000"
02/03/2025,02/27/2025,Mullin,Markwayne,Purchase,CRDO,Credo Technology Group Holding Ltd,"$1,001 - $15,000"
02/03/2025,02/27/2025,Mullin,Markwayne,Purchase,COHR,Coherent Corp,"$1,001 - $15,000"
02/03/2025,02/27/2025,Mullin,Markwayne,Purchase,AIT,Applied Industrial Technologies,"$1,001 - $15,000"
02/13/2025,02/27/2025,Mullin,Markwayne,Sale (Full),VAW,Materials ETF Vanguard,"$100,001 - $250,000"
02/13/2025,02/27/2025,Mullin,Markwayne,Purchase,LHX,L3Harris Technologies Inc,"$15,001 - $50,000"
02/13/2025,02/27/2025,Mullin,Markwayne,Sale (Partial),STZ,Constellation Brands Inc,"$15,001 - $50,000"
02/13/2025,02/27/2025,Mullin,Markwayne,Purchase,LPLA,Lpl Financial Holdings,"$50,001 - $100,000"
02/13/2025,02/27/2025,Mullin,Markwayne,Purchase,ACN,Accenture Plc,"$50,001 - $100,000"
02/13/2025,02/27/2025,Mullin,Markwayne,Purchase,IQV,Iqvia Holdings Inc,"$15,001 - $50,000"
02/13/2025,02/27/2025,Mullin,Markwayne,Purchase,TJX,TJX Companies,"$15,001 - $50,000"
02/13/2025,02/27/2025,Mullin,Markwayne,Sale (Full),AMD,Adv Micro Devices,"$50,001 - $100,000"
02/13/2025,02/27/2025,Mullin,Markwayne,Purchase,MSFT,Microsoft Corp,"$50,001 - $100,000"
02/13/2025,02/27/2025,Mullin,Markwayne,Purchase,AMZN,Amazon.com Inc,"$15,001 - $50,000"
02/13/2025,02/27/2025,Mullin,Markwayne,Sale (Full),DHR,Danaher Corp,"$15,001 - $50,000"
02/13/2025,02/27/2025,Mullin,Markwayne,Sale (Full),HON,Honeywell International Inc,"$15,001 - $50,000"
02/13/2025,02/27/2025,Mullin,Markwayne,Purchase,PM,Philip Morris International Inc,"$15,001 - $50,000"
02/13/2025,02/27/2025,Mullin,Markwayne,Sale (Partial),BRK,Bershire Hathaway Cdr [Cad Hedged],"$15,001 - $50,000"
01/27/2025,02/21/2025,Moody,Ashley,Sale (Full),--,NVDA PUT,"$1,001 - $15,000"
01/27/2025,02/21/2025,Moody,Ashley,Sale (Full),--,AMAT PUT,"$1,001 - $15,000"
01/27/2025,02/21/2025,Moody,Ashley,Purchase,--,AMAT,"$100,001 - $250,000"
01/27/2025,02/21/2025,Moody,Ashley,Sale (Full),--,NCLH CALL,"$1,001 - $15,000"
01/27/2025,02/21/2025,Moody,Ashley,Sale (Full),--,AMAT CALL,"$1,001 - $15,000"
01/21/2025,02/21/2025,Moody,Ashley,Purchase,--,AMAT,"$100,001 - $250,000"
01/22/2025,02/21/2025,Moody,Ashley,Sale (Full),--,SMCI PUT,"$1,001 - $15,000"
01/22/2025,02/21/2025,Moody,Ashley,Sale (Full),--,NVDA PUT,"$1,001 - $15,000"
01/23/2025,02/21/2025,Moody,Ashley,Sale (Full),--,DELL CALL,"$1,001 - $15,000"
01/22/2025,02/21/2025,Moody,Ashley,Sale (Full),--,AMAT CALL,"$1,001 - $15,000"
01/22/2025,02/21/2025,Moody,Ashley,Sale (Full),--,AMD CALL,"$1,001 - $15,000"
01/22/2025,02/21/2025,Moody,Ashley,Sale (Full),--,CCL CALL,"$1,001 - $15,000"
01/22/2025,02/21/2025,Moody,Ashley,Sale (Full),--,MU CALL,"$1,001 - $15,000"
01/22/2025,02/21/2025,Moody,Ashley,Sale (Full),--,SMCI CALL,"$1,001 - $15,000"
01/22/2025,02/21/2025,Moody,Ashley,Sale (Full),--,SMCI CALL,"$1,001 - $15,000"
01/22/2025,02/21/2025,Moody,Ashley,Sale (Full),--,HWM CALL,"$1,001 - $15,000"
01/22/2025,02/21/2025,Moody,Ashley,Purchase,MU,Micron Technology,"$50,001 - $100,000"
01/22/2025,02/21/2025,Moody,Ashley,Purchase,AMAT,Applied Materials,"$100,001 - $250,000"
01/22/2025,02/21/2025,Moody,Ashley,Purchase,HWM,Howmet Aerospace Inc,"$50,001 - $100,000"
01/21/2025,02/21/2025,Moody,Ashley,Sale (Full),OKTA,Okta Inc Cl A,"$50,001 - $100,000"
02/06/2025,02/21/2025,Wyden,Ron L,Sale (Full),IRBT,iRobot Corporation - Common Stock,"$1,001 - $15,000"
02/06/2025,02/21/2025,Wyden,Ron L,Sale (Full),SOLV,Solventum Corporation,"$1,001 - $15,000"
02/10/2025,02/21/2025,Wyden,Ron L,Sale (Full),LLY,Eli Lilly and Company Common Stock,"$50,001 - $100,000"
01/22/2025,02/21/2025,Wyden,Ron L,Purchase,LLY,Eli Lilly and Company Common Stock,"$50,001 - $100,000"
01/10/2025,02/14/2025,Tuberville,Thomas H,Sale (Full),TSCO,Tractor Supply Company,"$15,001 - $50,000"
01/10/2025,02/14/2025,Tuberville,Thomas H,Sale (Full),CARR,Carrier Global Corp,"$1,001 - $15,000"
01/10/2025,02/14/2025,Tuberville,Thomas H,Sale (Full),TXN,Texas Instruments Incorporated - Common Stock,"$15,001 - $50,000"
01/10/2025,02/14/2025,Tuberville,Thomas H,Sale (Full),DEO,Diageo Plc ADR,"$15,001 - $50,000"
01/10/2025,02/14/2025,Tuberville,Thomas H,Sale (Full),MSFT,Microsoft Corp,"$15,001 - $50,000"
01/10/2025,02/14/2025,Tuberville,Thomas H,Sale (Full),AAPL,Apple Inc,"$15,001 - $50,000"
01/13/2025,02/13/2025,Capito,Shelley M,Sale (Partial),--,Analog Devices,"$1,001 - $15,000"
01/17/2025,02/13/2025,Capito,Shelley M,Sale (Partial),PSX,Phillips 66,"$1,001 - $15,000"
01/17/2025,02/13/2025,Capito,Shelley M,Sale (Partial),JPM,JP Morgan Chase & Company,"$1,001 - $15,000"
01/17/2025,02/13/2025,Capito,Shelley M,Sale (Partial),MSFT,Microsoft Corp,"$1,001 - $15,000"
01/17/2025,02/13/2025,Capito,Shelley M,Sale (Partial),LOW,Lowe's Companies,"$1,001 - $15,000"
01/17/2025,02/13/2025,Capito,Shelley M,Sale (Partial),ITW,Illinois Tool Works Inc,"$1,001 - $15,000"
01/17/2025,02/13/2025,Capito,Shelley M,Sale (Partial),GWW,W.W. Grainger,"$1,001 - $15,000"
01/17/2025,02/13/2025,Capito,Shelley M,Sale (Partial),CB,Chubb Ltd,"$1,001 - $15,000"
01/17/2025,02/13/2025,Capito,Shelley M,Sale (Partial),BLK,Blackrock Inc,"$1,001 - $15,000"
01/17/2025,02/13/2025,Capito,Shelley M,Sale (Partial),AAPL,Apple Inc,"$1,001 - $15,000"
01/17/2025,02/13/2025,Capito,Shelley M,Sale (Partial),AFL,Aflac Inc,"$1,001 - $15,000"
01/03/2025,02/13/2025,Capito,Shelley M,Sale (Partial),MSFT,Microsoft Corp,"$1,001 - $15,000"
01/16/2025,02/09/2025,McCormick,David H,Sale (Full),RUM,Rumble Inc,"$1,000,001 - $5,000,000"
01/16/2025,02/08/2025,Boozman,John,Sale (Full),SPY,SPDR??S&P 500? ETF Trust,"$1,001 - $15,000"
01/28/2025,02/08/2025,Boozman,John,Sale (Partial),IVW,iShares S&P 500 Growth ETF,"$1,001 - $15,000"
01/14/2025,02/08/2025,Boozman,John,Sale (Full),QQQ,"Invesco QQQ Trust, Series 1","$1,001 - $15,000"
01/28/2025,02/08/2025,Boozman,John,Sale (Full),HPQ,HP Inc,"$1,001 - $15,000"
01/14/2025,02/08/2025,Boozman,John,Sale (Full),EBAY,Ebay Inc,"$1,001 - $15,000"
01/14/2025,02/08/2025,Boozman,John,Sale (Full),CSCO,Cisco Systems Inc,"$1,001 - $15,000"
01/14/2025,02/08/2025,Boozman,John,Purchase,CRM,Salesforce Inc,"$1,001 - $15,000"
01/14/2025,02/08/2025,Boozman,John,Purchase,NVDA,Nvidia Corp,"$1,001 - $15,000"
01/28/2025,02/08/2025,Boozman,John,Purchase,NRG,"NRG Energy, Inc. Common Stock","$1,001 - $15,000"
01/14/2025,02/08/2025,Boozman,John,Purchase,MA,Mastercard Incorporated Common Stock,"$1,001 - $15,000"
01/28/2025,02/08/2025,Boozman,John,Purchase,TBLL,Invesco Short Term Treasury ETF,"$1,001 - $15,000"
01/16/2025,02/08/2025,Boozman,John,Purchase,TBLL,Invesco Short Term Treasury ETF,"$1,001 - $15,000"
01/07/2025,02/06/2025,Rubio,Marco,Sale (Full),CSCO,Cisco Systems Inc,"$1,001 - $15,000"
01/07/2025,02/06/2025,Rubio,Marco,Sale (Full),KO,Coca-Cola Company,"$1,001 - $15,000"
01/08/2025,01/31/2025,Mullin,Markwayne,Sale (Partial),--,VANGUARD INDEX FDS VANGUARD MID-CAP ETF,"$15,001 - $50,000"
01/08/2025,01/31/2025,Mullin,Markwayne,Sale (Full),ABT,Abbott Laboratories,"$1,001 - $15,000"
01/08/2025,01/31/2025,Mullin,Markwayne,Sale (Partial),IEFA,iShares Core MSCI EAFE ETF,"$15,001 - $50,000"
01/08/2025,01/31/2025,Mullin,Markwayne,Sale (Partial),EZU,Eurozone Ishares MSCI ETF,"$15,001 - $50,000"
01/02/2025,01/31/2025,Mullin,Markwayne,Purchase,WAB,Wabtec Corp,"$15,001 - $50,000"
01/02/2025,01/31/2025,Mullin,Markwayne,Purchase,PRMB,Primo Brands Corporation Cl A,"$15,001 - $50,000"
01/02/2025,01/31/2025,Mullin,Markwayne,Purchase,MTZ,Mastec Inc,"$15,001 - $50,000"
01/02/2025,01/31/2025,Mullin,Markwayne,Purchase,LRN,Stride Inc,"$15,001 - $50,000"
01/02/2025,01/31/2025,Mullin,Markwayne,Purchase,IRM,Iron Mountain Inc,"$15,001 - $50,000"
01/02/2025,01/31/2025,Mullin,Markwayne,Purchase,GS,Goldman Sachs Group,"$15,001 - $50,000"
01/02/2025,01/31/2025,Mullin,Markwayne,Purchase,DELL,Dell Technologies Inc. Class C Common Stock,"$15,001 - $50,000"
01/02/2025,01/31/2025,Mullin,Markwayne,Purchase,CRDO,Credo Technology Group Holding Ltd,"$15,001 - $50,000"
01/02/2025,01/31/2025,Mullin,Markwayne,Purchase,COHR,Coherent Corp,"$15,001 - $50,000"
01/02/2025,01/31/2025,Mullin,Markwayne,Purchase,AIT,"Applied Industrial Technologies, Inc. Common Stock","$15,001 - $50,000"
01/02/2025,01/31/2025,Mullin,Markwayne,Purchase,WAB,Wabtec Corp,"$15,001 - $50,000"
01/02/2025,01/31/2025,Mullin,Markwayne,Purchase,PRMB,Primo Brands Corporation Cl A,"$15,001 - $50,000"
01/02/2025,01/31/2025,Mullin,Markwayne,Purchase,MTZ,Mastec Inc,"$15,001 - $50,000"
01/02/2025,01/31/2025,Mullin,Markwayne,Purchase,LRN,Stride Inc,"$15,001 - $50,000"
01/02/2025,01/31/2025,Mullin,Markwayne,Purchase,IRM,Iron Mountain Inc,"$15,001 - $50,000"
01/02/2025,01/31/2025,Mullin,Markwayne,Purchase,GS,Goldman Sachs Group,"$15,001 - $50,000"
01/02/2025,01/31/2025,Mullin,Markwayne,Purchase,DELL,Dell Technologies Inc. Class C Common Stock,"$15,001 - $50,000"
01/02/2025,01/31/2025,Mullin,Markwayne,Purchase,CRDO,Credo Technology Group Holding Ltd,"$15,001 - $50,000"
01/02/2025,01/31/2025,Mullin,Markwayne,Purchase,COHR,Coherent Corp,"$15,001 - $50,000"
01/02/2025,01/31/2025,Mullin,Markwayne,Purchase,AIT,"Applied Industrial Technologies, Inc. Common Stock","$15,001 - $50,000"
01/02/2025,01/22/2025,"Hagerty, IV",William F,Sale (Full),AHL-C,Aspen Insurance Holdings Ltd [Ahl/Pc],"$15,001 - $50,000"
12/16/2024,01/18/2025,"Moran,  ",Jerry,Purchase,BRK.B,Berkshire Hathaway Cl B,"$1,001 - $15,000"
12/23/2024,01/14/2025,Boozman,John,Sale (Partial),AMAT,"Applied Materials, Inc. - Common Stock","$1,001 - $15,000"
01/06/2025,01/08/2025,Whitehouse,Sheldon,Sale (Partial),NVDA,Nvidia Corp,"$15,001 - $50,000"
12/19/2024,01/08/2025,Whitehouse,Sheldon,Sale (Full),LRCX,Lam Research Corp,"$15,001 - $50,000"
12/19/2024,01/08/2025,Whitehouse,Sheldon,Sale (Partial),AAPL,Apple Inc,"$15,001 - $50,000"
12/27/2024,01/06/2025,Capito,Shelley M,Purchase,GE,GE Aerospace,"$1,001 - $15,000"
12/20/2024,01/06/2025,Capito,Shelley M,Sale (Partial),UNH,Unitedhealth Group Inc,"$1,001 - $15,000"
12/13/2024,01/06/2025,Capito,Shelley M,Sale (Partial),LOW,Lowe's Companies,"$1,001 - $15,000"
12/12/2024,01/06/2025,Capito,Shelley M,Purchase,AVGO,Broadcom Inc. - Common Stock,"$1,001 - $15,000"
12/16/2024,01/06/2025,Capito,Shelley M,Sale (Partial),MSFT,Microsoft Corp,"$1,001 - $15,000"
12/02/2024,01/04/2025,"McConnell, Jr.",A. Mitchell,Purchase,WFC,Wells Fargo & Company,"$1,001 - $15,000"
12/26/2024,01/03/2025,Mullin,Markwayne,Purchase,VNQ,Vanguard Real Estate ETF,"$1,001 - $15,000"
12/26/2024,01/03/2025,Mullin,Markwayne,Purchase,PCLPX,Pimco Commoditiesplus Strategy Fund Class I-2,"$250,001 - $500,000"
12/26/2024,01/03/2025,Mullin,Markwayne,Purchase,CFSSX,Column Small Cap Select Fund,"$100,001 - $250,000"
12/26/2024,01/03/2025,Mullin,Markwayne,Purchase,GICIX,Goldman Sachs Intl Small Cap Insights Fd Inst,"$50,001 - $100,000"
12/26/2024,01/03/2025,Mullin,Markwayne,Sale (Full),PDBC,Invesco Optimum Yield Diversified Commodity Strate,"$250,001 - $500,000"
12/26/2024,01/03/2025,Mullin,Markwayne,Purchase,IEMG,iShares Core MSCI Emerging Markets ETF,"$50,001 - $100,000"
12/13/2024,01/02/2025,Carper,Thomas R,Sale (Full),AY,Atlantica Yield Plc,"$1,001 - $15,000"
07/30/2024,12/31/2024,Mullin,Markwayne,Purchase,LRN,"Stride, Inc. Common Stock","$1,001 - $15,000"
12/18/2024,12/31/2024,Mullin,Markwayne,Sale (Full),SFM,"Sprouts Farmers Market, Inc. - Common Stock","$15,001 - $50,000"
12/18/2024,12/31/2024,Mullin,Markwayne,Sale (Full),OLLI,"Ollie's Bargain Outlet Holdings, Inc. - Common Sto","$15,001 - $50,000"
12/18/2024,12/31/2024,Mullin,Markwayne,Sale (Full),LRN,"Stride, Inc. Common Stock","$15,001 - $50,000"
12/18/2024,12/31/2024,Mullin,Markwayne,Sale (Full),GS,Goldman Sachs Group,"$15,001 - $50,000"
12/18/2024,12/31/2024,Mullin,Markwayne,Sale (Full),FRPT,"Freshpet, Inc. - Common Stock","$15,001 - $50,000"
12/18/2024,12/31/2024,Mullin,Markwayne,Sale (Full),ETN,Eaton Corp,"$15,001 - $50,000"
12/18/2024,12/31/2024,Mullin,Markwayne,Sale (Full),ETN,Eaton Corp,"$1,001 - $15,000"
12/18/2024,12/31/2024,Mullin,Markwayne,Sale (Full),ELF,E.L.F. Beauty Inc,"$1,001 - $15,000"
12/18/2024,12/31/2024,Mullin,Markwayne,Sale (Full),CYBR,CyberArk Software Ltd. - Ordinary Shares,"$15,001 - $50,000"
12/18/2024,12/31/2024,Mullin,Markwayne,Sale (Full),BMI,"Badger Meter, Inc. Common Stock","$15,001 - $50,000"
12/18/2024,12/31/2024,Mullin,Markwayne,Sale (Full),AXON,"Axon Enterprise, Inc. - Common Stock","$15,001 - $50,000"
12/18/2024,12/31/2024,Mullin,Markwayne,Sale (Full),SFM,"Sprouts Farmers Market, Inc. - Common Stock","$15,001 - $50,000"
12/18/2024,12/31/2024,Mullin,Markwayne,Sale (Full),OLLI,"Ollie's Bargain Outlet Holdings, Inc. - Common Sto","$15,001 - $50,000"
12/18/2024,12/31/2024,Mullin,Markwayne,Sale (Full),LRN,Stride Inc,"$1,001 - $15,000"
12/18/2024,12/31/2024,Mullin,Markwayne,Sale (Full),GS,Goldman Sachs Group,"$1,001 - $15,000"
12/18/2024,12/31/2024,Mullin,Markwayne,Sale (Full),FRPT,"Freshpet, Inc. - Common Stock","$15,001 - $50,000"
12/18/2024,12/31/2024,Mullin,Markwayne,Sale (Full),ELF,E.L.F. Beauty Inc,"$1,001 - $15,000"
12/18/2024,12/31/2024,Mullin,Markwayne,Sale (Full),CYBR,CyberArk Software Ltd. - Ordinary Shares,"$1,001 - $15,000"
12/18/2024,12/31/2024,Mullin,Markwayne,Sale (Full),BMI,"Badger Meter, Inc. Common Stock","$1,001 - $15,000"
12/18/2024,12/31/2024,Mullin,Markwayne,Sale (Full),AXON,Axon Enterprise Inc,"$15,001 - $50,000"
12/11/2024,12/31/2024,Mullin,Markwayne,Sale (Partial),ABT,Abbott Laboratories Common Stock,"$15,001 - $50,000"
12/11/2024,12/31/2024,Mullin,Markwayne,Sale (Full),PEP,"PepsiCo, Inc. - Common Stock","$15,001 - $50,000"
12/11/2024,12/31/2024,Mullin,Markwayne,Purchase,AMAT,"Applied Materials, Inc. - Common Stock","$15,001 - $50,000"
12/13/2024,12/30/2024,"Hagerty, IV",William F,Sale (Full),EQC,Equity Commonwealth,"$1,001 - $15,000"
11/27/2024,12/19/2024,Mullin,Markwayne,Purchase,IEFA,iShares Core MSCI EAFE ETF,"$100,001 - $250,000"
11/27/2024,12/19/2024,Mullin,Markwayne,Purchase,IEMG,iShares Core MSCI Emerging Markets ETF,"$1,001 - $15,000"
11/27/2024,12/19/2024,Mullin,Markwayne,Purchase,EZU,iShares MSCI Eurozone ETF,"$100,001 - $250,000"
11/20/2024,12/17/2024,Boozman,John,Sale (Partial),VWO,Vanguard FTSE Emerging Markets ETF,"$1,001 - $15,000"
11/20/2024,12/17/2024,Boozman,John,Sale (Full),SWKS,"Skyworks Solutions, Inc. - Common Stock","$1,001 - $15,000"
11/20/2024,12/17/2024,Boozman,John,Sale (Partial),BBEU,JPMorgan BetaBuilders Europe ETF,"$1,001 - $15,000"
11/13/2024,12/17/2024,Boozman,John,Purchase,SPY,SPDR S&P 500,"$1,001 - $15,000"
11/20/2024,12/17/2024,Boozman,John,Purchase,AAXJ,iShares MSCI All Country Asia ex Japan ETF,"$1,001 - $15,000"
11/19/2024,12/05/2024,Whitehouse,Sheldon,Sale (Full),MET,Metlife Inc,"$1,001 - $15,000"
11/18/2024,12/05/2024,Whitehouse,Sheldon,Sale (Full),KVUE,Kenvue Inc,"$1,001 - $15,000"
11/12/2024,12/03/2024,Mullin,Markwayne,Purchase,--,Invesco Actively Managed Exchange Traded,"$15,001 - $50,000"
11/12/2024,12/03/2024,Mullin,Markwayne,Sale (Partial),PCLPX,Pimco Commoditiesplus Strategy Fund Class I-2,"$15,001 - $50,000"
10/29/2024,12/03/2024,Mullin,Markwayne,Purchase,HIYS,Invesco Actively Managed Exchange-Traded Fund Trus,"$250,001 - $500,000"
10/29/2024,12/03/2024,Mullin,Markwayne,Sale (Partial),--,Pimco Commodities Plus Strategy Fund Class,"$250,001 - $500,000"
11/12/2024,11/21/2024,Smith,Tina,Purchase,TCMD,Tactile Systems Technology Inc,"$50,001 - $100,000"
10/29/2024,11/15/2024,Tuberville,Thomas H,Sale (Full),ADBE,Adobe Inc. - Common Stock,"$15,001 - $50,000"
10/29/2024,11/15/2024,Tuberville,Thomas H,Sale (Full),AAPL,Apple Inc. - Common Stock,"$15,001 - $50,000"
10/29/2024,11/15/2024,Tuberville,Thomas H,Sale (Full),CTVA,"Corteva, Inc. Common Stock","$1,001 - $15,000"
10/29/2024,11/15/2024,Tuberville,Thomas H,Sale (Full),HON,Honeywell International Inc. - Common Stock,"$15,001 - $50,000"
10/29/2024,11/15/2024,Tuberville,Thomas H,Sale (Full),JNJ,Johnson & Johnson Common Stock,"$15,001 - $50,000"
10/29/2024,11/15/2024,Tuberville,Thomas H,Sale (Full),KMB,Kimberly-Clark Corporation Common Stock,"$15,001 - $50,000"
10/29/2024,11/15/2024,Tuberville,Thomas H,Sale (Full),MCD,McDonald's Corporation Common Stock,"$15,001 - $50,000"
10/29/2024,11/15/2024,Tuberville,Thomas H,Sale (Full),MSFT,Microsoft Corporation - Common Stock,"$15,001 - $50,000"
10/29/2024,11/15/2024,Tuberville,Thomas H,Sale (Full),--,Nestle ADR,"$15,001 - $50,000"
10/29/2024,11/15/2024,Tuberville,Thomas H,Sale (Full),--,Otis Worldwide Corporation Common Stock,"$1,001 - $15,000"
10/29/2024,11/15/2024,Tuberville,Thomas H,Sale (Full),OC,Owens Corning Inc Common Stock New,"$15,001 - $50,000"
10/29/2024,11/15/2024,Tuberville,Thomas H,Sale (Full),TRV,"The Travelers Companies, Inc. Common Stock","$15,001 - $50,000"
10/31/2024,11/14/2024,Peters,Gary C,Sale (Full),LEG,Leggett & Platt Inc,"$1,001 - $15,000"
10/31/2024,11/14/2024,Peters,Gary C,Sale (Full),LW,Lamb Weston Holdings Inc,"$1,001 - $15,000"
10/17/2024,11/14/2024,Peters,Gary C,Sale (Full),IVZ,Invesco Ltd Common Stock,"$1,001 - $15,000"
10/08/2024,11/12/2024,Capito,Shelley M,Purchase,CSL,Carlisle Companies Inc,"$1,001 - $15,000"
07/30/2024,11/08/2024,Mullin,Markwayne,Purchase,LRN,Stride Inc,"$1,001 - $15,000"
10/08/2024,11/07/2024,Whitehouse,Sheldon,Purchase,KO,Coca-Cola Company,"$1,001 - $15,000"
10/28/2024,11/07/2024,Whitehouse,Sheldon,Sale (Full),TSLA,Tesla Inc,"$100,001 - $250,000"
10/08/2024,11/07/2024,Whitehouse,Sheldon,Sale (Full),CELH,Celsius Holdings Inc,"$1,001 - $15,000"
10/29/2024,11/07/2024,Whitehouse,Sheldon,Sale (Partial),SBUX,Starbucks Corp,"$1,001 - $15,000"
10/29/2024,11/07/2024,Whitehouse,Sheldon,Sale (Partial),VZ,Verizon Communications Inc,"$1,001 - $15,000"
10/29/2024,11/07/2024,Whitehouse,Sheldon,Sale (Partial),MA,Mastercard Inc,"$1,001 - $15,000"
10/29/2024,11/07/2024,Whitehouse,Sheldon,Sale (Full),DIS,Walt Disney Company,"$1,001 - $15,000"
10/29/2024,11/07/2024,Whitehouse,Sheldon,Sale (Partial),SBUX,Starbucks Corp,"$1,001 - $15,000"
10/29/2024,11/07/2024,Whitehouse,Sheldon,Sale (Partial),VZ,Verizon Communications Inc,"$1,001 - $15,000"
10/29/2024,11/07/2024,Whitehouse,Sheldon,Sale (Partial),HON,Honeywell International Inc,"$1,001 - $15,000"
10/29/2024,11/07/2024,Whitehouse,Sheldon,Sale (Partial),MA,Mastercard Inc,"$1,001 - $15,000"
10/11/2024,11/07/2024,Whitehouse,Sheldon,Sale (Partial),TSLA,Tesla Inc,"$15,001 - $50,000"
10/28/2024,11/07/2024,Whitehouse,Sheldon,Sale (Full),TSLA,Tesla Inc,"$15,001 - $50,000"
10/30/2024,11/07/2024,Whitehouse,Sheldon,Purchase,LLY,Eli Lilly and Company,"$15,001 - $50,000"
09/26/2024,10/18/2024,Boozman,John,Sale (Partial),FI,Fiserv Inc,"$1,001 - $15,000"
09/09/2024,10/18/2024,Boozman,John,Sale (Partial),VEA,Vanguard FTSE Developed Markets ETF,"$1,001 - $15,000"
09/06/2024,10/18/2024,Boozman,John,Sale (Partial),VNQI,Vanguard Global ex-U.S. Real Estate ETF,"$1,001 - $15,000"
09/09/2024,10/18/2024,Boozman,John,Sale (Partial),MDY,S&P Midcap 400 SPDR,"$1,001 - $15,000"
09/06/2024,10/18/2024,Boozman,John,Sale (Partial),TPYP,Tortoise North American Pipeline ETF,"$15,001 - $50,000"
10/06/2024,10/18/2024,Boozman,John,Sale (Partial),IVV,iShares Core S&P 500 ETF,"$1,001 - $15,000"
10/09/2024,10/18/2024,Boozman,John,Sale (Partial),IWM,iShares Russell 2000 ETF,"$1,001 - $15,000"
09/09/2024,10/18/2024,Boozman,John,Sale (Partial),EFA,iShares MSCI EAFE ETF,"$1,001 - $15,000"
09/06/2024,10/18/2024,Boozman,John,Sale (Partial),EMLP,First Trust North American Energy Infrastructure F,"$1,001 - $15,000"
09/06/2024,10/18/2024,Boozman,John,Sale (Partial),WWSYX,Westwood Quality Smallcap Fund - Ultra Shares,"$1,001 - $15,000"
09/06/2024,10/18/2024,Boozman,John,Purchase,SCHP,Schwab U.S. TIPS ETF,"$1,001 - $15,000"
09/06/2024,10/18/2024,Boozman,John,Purchase,JMBS,Janus Henderson Mortgage-Backed Securities ETF,"$1,001 - $15,000"
09/06/2024,10/18/2024,Boozman,John,Purchase,IVV,iShares Core S&P 500 ETF,"$1,001 - $15,000"
09/06/2024,10/18/2024,Boozman,John,Purchase,IEF,iShares 7-10 Year Treasury Bond ETF,"$1,001 - $15,000"
09/06/2024,10/18/2024,Boozman,John,Purchase,SHY,iShares 1-3 Year Treasury Bond ETF,"$1,001 - $15,000"
09/06/2024,10/18/2024,Boozman,John,Purchase,TLH,iShares 10-20 Year Treasury Bond ETF,"$1,001 - $15,000"
09/06/2024,10/18/2024,Boozman,John,Purchase,CMBS,iShares CMBS Bond ETF,"$1,001 - $15,000"
09/06/2024,10/18/2024,Boozman,John,Purchase,IEI,iShares 3-7 Year Treasury Bond ETF,"$1,001 - $15,000"
09/06/2024,10/18/2024,Boozman,John,Purchase,TLT,iShares 20+ Year Treasury Bond ETF,"$1,001 - $15,000"
09/06/2024,10/18/2024,Boozman,John,Purchase,MBB,MBS Ishares ETF,"$1,001 - $15,000"
09/06/2024,10/18/2024,Boozman,John,Purchase,AGZ,iShares  Agency Bond ETF,"$1,001 - $15,000"
09/06/2024,10/18/2024,Boozman,John,Purchase,TBLL,Invesco Short Term Treasury ETF,"$15,001 - $50,000"
09/06/2024,10/18/2024,Boozman,John,Purchase,GIGB,Goldman Sachs Access Investment Grade Corporate Bo,"$1,001 - $15,000"
09/06/2024,10/18/2024,Boozman,John,Purchase,FTGC,First Trust Global Tactical Commodity Strategy Fun,"$15,001 - $50,000"
09/06/2024,10/18/2024,Boozman,John,Purchase,PPLT,Aberdeen Standard Physical Platinum Shares ETF,"$1,001 - $15,000"
09/06/2024,10/18/2024,Boozman,John,Purchase,PALL,Aberdeen Standard Physical Palladium Shares ETF,"$1,001 - $15,000"
09/09/2024,10/15/2024,Hickenlooper,John W,Exchange,LSXMKSIRI,Liberty Media Corporation - Series C Liberty Siriu (Exchanged)Sirius XM Holdings Inc. - Common Stock (Received),"$100,001 - $250,000"
09/06/2024,10/15/2024,Hickenlooper,John W,Sale (Partial),LSXMK,Liberty Media Corporation - Series C Liberty Siriu,"$100,001 - $250,000"
09/12/2024,10/15/2024,Hickenlooper,John W,Sale (Partial),CMG,Chipotle Mexican Grill,"$100,001 - $250,000"
09/17/2024,10/10/2024,Whitehouse,Sheldon,Sale (Partial),AMGN,Amgen Inc,"$1,001 - $15,000"
09/25/2024,10/05/2024,Capito,Shelley M,Sale (Full),NSC,Norfolk Southern Corp,"$1,001 - $15,000"
09/20/2024,10/05/2024,Capito,Shelley M,Sale (Partial),NKE,Nike Inc,"$1,001 - $15,000"
09/20/2024,10/05/2024,Capito,Shelley M,Sale (Partial),MSFT,Microsoft Corp,"$1,001 - $15,000"
09/20/2024,10/05/2024,Capito,Shelley M,Sale (Partial),GWW,W.W. Grainger,"$1,001 - $15,000"
09/20/2024,10/05/2024,Capito,Shelley M,Sale (Partial),AAPL,Apple Inc,"$1,001 - $15,000"
09/20/2024,10/05/2024,Capito,Shelley M,Sale (Partial),ACN,Accenture Plc,"$1,001 - $15,000"
08/20/2024,09/19/2024,Mullin,Markwayne,Sale (Partial),EW,Edwards Lifesciences Corp,"$15,001 - $50,000"
08/20/2024,09/19/2024,Mullin,Markwayne,Purchase,IQV,Iqvia Holdings Inc,"$15,001 - $50,000"
08/20/2024,09/19/2024,Mullin,Markwayne,Sale (Partial),SBUX,Starbucks Corp,"$15,001 - $50,000"
08/20/2024,09/19/2024,Mullin,Markwayne,Purchase,TJX,"TJX Companies, Inc. (The) Common Stock","$15,001 - $50,000"
08/30/2024,09/19/2024,Hickenlooper,John W,Sale (Full),BATRK,Liberty Media Corporation - Series C Liberty Brave,"$50,001 - $100,000"
08/28/2024,09/19/2024,Hickenlooper,John W,Sale (Full),BATRK,Liberty Media Corporation - Series C Liberty Brave,"$250,001 - $500,000"
08/28/2024,09/19/2024,Hickenlooper,John W,Purchase,BATRK,Liberty Media Corporation - Series C Liberty Brave,"$100,001 - $250,000"
09/01/2024,09/16/2024,"McConnell, Jr.",A. Mitchell,Purchase,WFC,Wells Fargo & Company,"$1,001 - $15,000"
08/05/2024,09/13/2024,Collins,Susan M,Sale (Full),GL,Globe Life Inc,"$15,001 - $50,000"
08/26/2024,09/13/2024,Tuberville,Thomas H,Sale (Full),AAPL,Apple Inc. - Common Stock,"$15,001 - $50,000"
08/26/2024,09/13/2024,Tuberville,Thomas H,Sale (Full),MDT,Medtronic plc. Ordinary Shares,"$15,001 - $50,000"
08/26/2024,09/13/2024,Tuberville,Thomas H,Sale (Full),CVS,CVS Health Corporation Common Stock,"$1,001 - $15,000"
08/26/2024,09/13/2024,Tuberville,Thomas H,Sale (Full),UPS,"United Parcel Service, Inc. Common Stock","$15,001 - $50,000"
08/26/2024,09/13/2024,Tuberville,Thomas H,Sale (Full),EIBLX,Eaton Vance Floating Rate Fund Insti ShareCompany:EATON VANCE FLOATING RATE CLASS I,"$50,001 - $100,000"
08/26/2024,09/13/2024,Tuberville,Thomas H,Purchase,ABNFX,The Bond Fd of America Class F-2 SharesCompany:AMERICAN BOND FUND OF AMERICA CL F2,"$50,001 - $100,000"
07/25/2024,09/05/2024,Hickenlooper,John W,Purchase,LINE,"Lineage, Inc. - Common Stock","$50,001 - $100,000"
08/28/2024,09/05/2024,Capito,Shelley M,Purchase,NKE,Nike Inc,"$1,001 - $15,000"
08/27/2024,09/05/2024,Capito,Shelley M,Purchase,AVGO,Broadcom Inc. - Common Stock,"$1,001 - $15,000"
08/22/2024,09/05/2024,Capito,Shelley M,Sale (Partial),NSC,Norfolk Southern Corp,"$1,001 - $15,000"
08/15/2024,09/04/2024,Whitehouse,Sheldon,Sale (Full),SNOW,Snowflake Inc Cl A,"$1,001 - $15,000"
07/29/2024,08/29/2024,"Moran,  ",Jerry,Sale (Partial),BRK.B,Berkshire Hathaway Cl B,"$1,001 - $15,000"
07/29/2024,08/29/2024,"Moran,  ",Jerry,Sale (Partial),BRK.B,Berkshire Hathaway Cl B,"$1,001 - $15,000"
07/29/2024,08/29/2024,"Moran,  ",Jerry,Sale (Partial),BRK.B,Berkshire Hathaway Cl B,"$1,001 - $15,000"
07/29/2024,08/29/2024,"Moran,  ",Jerry,Sale (Partial),BRK.B,Berkshire Hathaway Cl B,"$15,001 - $50,000"
07/03/2024,08/21/2024,Whitehouse,Sheldon,Sale (Full),JNJ,Johnson & Johnson,"$15,001 - $50,000"
07/30/2024,08/21/2024,Whitehouse,Sheldon,Sale (Full),CAG,Conagra Brands Inc,"$1,001 - $15,000"
07/03/2024,08/21/2024,Whitehouse,Sheldon,Sale (Full),JNJ,Johnson & Johnson,"$15,001 - $50,000"
07/03/2024,08/21/2024,Whitehouse,Sheldon,Sale (Full),MCD,McDonald's Corp,"$1,001 - $15,000"
07/25/2024,08/21/2024,Whitehouse,Sheldon,Sale (Full),DIS,Walt Disney Company,"$1,001 - $15,000"
07/30/2024,08/21/2024,Whitehouse,Sheldon,Sale (Full),CAG,Conagra Brands Inc,"$1,001 - $15,000"
01/24/2023,08/13/2024,Fetterman,John,Sale (Partial),MRO,Marathon Oil Corp,"$1,001 - $15,000"
11/06/2023,08/13/2024,"Hagerty, IV",William F,Exchange,CEQPET,Crestwood Equity Partners LP (Exchanged)Energy Transfer LP (Received),"$50,001 - $100,000"
07/01/2024,08/11/2024,Capito,Shelley M,Purchase,AVGO,Broadcom Ltd,"$1,001 - $15,000"
07/25/2024,08/11/2024,Capito,Shelley M,Sale (Partial),PEP,Pepsico Inc,"$1,001 - $15,000"
07/25/2024,08/11/2024,Capito,Shelley M,Sale (Partial),LOW,Lowe's Companies,"$1,001 - $15,000"
07/17/2024,08/11/2024,Capito,Shelley M,Sale (Partial),MSFT,Microsoft Corp,"$1,001 - $15,000"
07/17/2024,08/11/2024,Capito,Shelley M,Sale (Partial),XOM,Exxon Mobil Corp,"$1,001 - $15,000"
07/17/2024,08/11/2024,Capito,Shelley M,Sale (Partial),C,Citigroup Inc,"$1,001 - $15,000"
07/18/2024,08/06/2024,Boozman,John,Purchase,VEA,Vanguard FTSE Developed Markets ETF,"$1,001 - $15,000"
07/26/2024,08/06/2024,Boozman,John,Purchase,MSI,"Motorola Solutions, Inc. Common Stock","$1,001 - $15,000"
07/26/2024,08/06/2024,Boozman,John,Purchase,GOOGL,Alphabet Inc. - Class A Common Stock,"$1,001 - $15,000"
07/18/2024,08/06/2024,Boozman,John,Sale (Partial),MDY,SPDR MidCap Trust Series I,"$1,001 - $15,000"
07/26/2024,08/06/2024,Boozman,John,Sale (Partial),LRCX,Lam Research Corporation - Common Stock,"$1,001 - $15,000"
07/17/2024,08/05/2024,Peters,Gary C,Sale (Full),OTIS,Otis Worldwide Corp,"$1,001 - $15,000"
07/17/2024,08/05/2024,Peters,Gary C,Sale (Full),--,CARR - Carrier Global Corp,"$1,001 - $15,000"
07/24/2024,07/29/2024,Britt,Katie,Sale (Full),ONEW,OneWater Marine Inc. - Class A Common Stock,"$1,001 - $15,000"
06/27/2024,07/16/2024,Whitehouse,Sheldon,Purchase,GS,"Goldman Sachs Group, Inc. (The) Common Stock","$1,001 - $15,000"
06/13/2024,07/16/2024,Whitehouse,Sheldon,Purchase,HD,Home Depot,"$1,001 - $15,000"
06/13/2024,07/16/2024,Whitehouse,Sheldon,Purchase,MSFT,Microsoft Corp,"$1,001 - $15,000"
06/12/2024,07/12/2024,Mullin,Markwayne,Sale (Partial),IWB,Russell 1000 Ishares ETF,"$50,001 - $100,000"
06/12/2024,07/12/2024,Mullin,Markwayne,Sale (Partial),CMCSA,Comcast Corporation - Class A Common Stock,"$15,001 - $50,000"
06/12/2024,07/12/2024,Mullin,Markwayne,Purchase,PH,Parker-Hannifin Corporation Common Stock,"$15,001 - $50,000"
06/12/2024,07/12/2024,Mullin,Markwayne,Sale (Partial),NKE,"Nike, Inc. Common Stock","$15,001 - $50,000"
06/13/2024,07/12/2024,Mullin,Markwayne,Sale (Partial),IWB,Russell 1000 Ishares ETF,"$500,001 - $1,000,000"
06/27/2024,07/11/2024,Capito,Shelley M,Sale (Full),APD,Air Products and Chemicals,"$1,001 - $15,000"
06/04/2024,07/11/2024,Boozman,John,Sale (Partial),MDY,SPDR MidCap Trust Series I,"$1,001 - $15,000"
06/24/2024,07/11/2024,Boozman,John,Sale (Full),NMVZX,Nuance Mid Cap Value Fund Z Class,"$1,001 - $15,000"
07/04/2024,07/11/2024,Boozman,John,Sale (Partial),IVV,iShares Core S&P 500 ETF,"$1,001 - $15,000"
06/04/2024,07/11/2024,Boozman,John,Sale (Partial),EFA,iShares MSCI EAFE ETF,"$15,001 - $50,000"
06/26/2024,07/11/2024,Boozman,John,Sale (Partial),IEF,iShares 7-10 Year Treasury Bond ETF,"$1,001 - $15,000"
06/26/2024,07/11/2024,Boozman,John,Sale (Partial),SHY,iShares 1-3 Year Treasury Bond ETF,"$1,001 - $15,000"
06/20/2024,07/11/2024,Boozman,John,Sale (Full),CMCSA,Comcast Corporation - Class A Common Stock,"$1,001 - $15,000"
06/04/2024,07/11/2024,Boozman,John,Purchase,VEA,Vanguard FTSE Developed Markets ETF,"$15,001 - $50,000"
06/24/2024,07/11/2024,Boozman,John,Purchase,DALCX,Dean Mid Cap Value Fund No-Load,"$1,001 - $15,000"
06/04/2024,07/11/2024,Boozman,John,Purchase,SPY,S&P 500 SPDR,"$1,001 - $15,000"
06/26/2024,07/11/2024,Boozman,John,Purchase,SCHP,Schwab U.S. TIPS ETF,"$1,001 - $15,000"
06/20/2024,07/11/2024,Boozman,John,Purchase,MSFT,Microsoft Corp,"$1,001 - $15,000"
06/04/2024,07/11/2024,Boozman,John,Purchase,NMVZX,Nuance Mid Cap Value Fund Z Class,"$1,001 - $15,000"
06/26/2024,07/11/2024,Boozman,John,Purchase,JMBS,Janus Henderson Mortgage-Backed Securities ETF,"$1,001 - $15,000"
06/26/2024,07/11/2024,Boozman,John,Purchase,TLH,iShares 10-20 Year Treasury Bond ETF,"$1,001 - $15,000"
06/04/2024,07/11/2024,Boozman,John,Purchase,GEM,Goldman Sachs ActiveBeta Emerging Markets Equity E,"$1,001 - $15,000"
05/07/2024,06/14/2024,Tuberville,Thomas H,Purchase,ARKK,Ark Innovation ETFOption Type: CallStrike price:$51.00Expires:12/20/2024,"$1,001 - $15,000"
05/10/2024,06/14/2024,Tuberville,Thomas H,Purchase,ARKK,Ark Innovation ETFOption Type: PutStrike price:$45.00Expires:09/20/2024,"$1,001 - $15,000"
05/08/2024,06/14/2024,Tuberville,Thomas H,Purchase,XBI,S&P Biotech SPDROption Type: CallStrike price:$100.00Expires:10/18/2024,"$1,001 - $15,000"
05/08/2024,06/14/2024,Tuberville,Thomas H,Purchase,XBI,S&P Biotech SPDROption Type: PutStrike price:$90.00Expires:10/18/2024,"$1,001 - $15,000"
05/13/2024,06/14/2024,Tuberville,Thomas H,Sale (Full),INTC,Intel Corp,"$100,001 - $250,000"
05/13/2024,06/14/2024,Tuberville,Thomas H,Sale (Partial),INTC,Intel Corp,"$100,001 - $250,000"
05/13/2024,06/14/2024,Tuberville,Thomas H,Sale (Full),CLF,Cleveland-Cliffs Inc,"$100,001 - $250,000"
05/13/2024,06/14/2024,Tuberville,Thomas H,Sale (Partial),CLF,Cleveland-Cliffs Inc,"$100,001 - $250,000"
05/10/2024,06/14/2024,Tuberville,Thomas H,Purchase,CLF,Cleveland-Cliffs IncOption Type: CallStrike price:$20.00Expires:07/19/2024,"$1,001 - $15,000"
05/10/2024,06/14/2024,Tuberville,Thomas H,Purchase,CLF,Cleveland-Cliffs IncOption Type: CallStrike price:$20.00Expires:01/17/2025,"$1,001 - $15,000"
05/10/2024,06/14/2024,Tuberville,Thomas H,Purchase,CLF,Cleveland-Cliffs IncOption Type: PutStrike price:$17.00Expires:01/17/2025,"$1,001 - $15,000"
05/10/2024,06/14/2024,Tuberville,Thomas H,Purchase,GILD,Gilead Sciences IncOption Type: PutStrike price:$70.00Expires:11/15/2024,"$1,001 - $15,000"
05/10/2024,06/14/2024,Tuberville,Thomas H,Purchase,GILD,Gilead Sciences IncOption Type: PutStrike price:$70.00Expires:11/15/2024,"$1,001 - $15,000"
05/10/2024,06/14/2024,Tuberville,Thomas H,Purchase,GILD,Gilead Sciences IncOption Type: PutStrike price:$70.00Expires:11/15/2024,"$1,001 - $15,000"
05/10/2024,06/14/2024,Tuberville,Thomas H,Sale (Full),PARA,Paramount Global Cl B,"$100,001 - $250,000"
05/10/2024,06/14/2024,Tuberville,Thomas H,Purchase,CLF,Cleveland-Cliffs IncOption Type: CallStrike price:$17.00Expires:06/21/2024,"$1,001 - $15,000"
05/10/2024,06/14/2024,Tuberville,Thomas H,Purchase,CLF,Cleveland-Cliffs IncOption Type: CallStrike price:$17.00Expires:06/21/2024,"$1,001 - $15,000"
05/10/2024,06/14/2024,Tuberville,Thomas H,Purchase,CLF,Cleveland-Cliffs IncOption Type: CallStrike price:$17.00Expires:06/21/2024,"$1,001 - $15,000"
05/10/2024,06/14/2024,Tuberville,Thomas H,Purchase,CLF,Cleveland-Cliffs IncOption Type: CallStrike price:$17.00Expires:06/21/2024,"$1,001 - $15,000"
05/10/2024,06/14/2024,Tuberville,Thomas H,Sale (Partial),INTC,Intel Corporation - Common Stock,"$100,001 - $250,000"
05/10/2024,06/14/2024,Tuberville,Thomas H,Sale (Partial),CLF,Cleveland-Cliffs Inc,"$1,001 - $15,000"
05/10/2024,06/14/2024,Tuberville,Thomas H,Sale (Partial),CLF,Cleveland-Cliffs Inc,"$15,001 - $50,000"
05/10/2024,06/14/2024,Tuberville,Thomas H,Sale (Partial),CLF,Cleveland-Cliffs Inc,"$50,001 - $100,000"
05/10/2024,06/14/2024,Tuberville,Thomas H,Sale (Partial),CLF,Cleveland-Cliffs Inc,"$50,001 - $100,000"
05/10/2024,06/14/2024,Tuberville,Thomas H,Sale (Partial),CLF,Cleveland-Cliffs Inc,"$100,001 - $250,000"
05/09/2024,06/14/2024,Tuberville,Thomas H,Purchase,KEY,KeycorpOption Type: PutStrike price:$15.00Expires:09/20/2024,"$1,001 - $15,000"
05/09/2024,06/14/2024,Tuberville,Thomas H,Purchase,INTC,Intel Corporation - Common Stock,"$50,001 - $100,000"
05/08/2024,06/14/2024,Tuberville,Thomas H,Purchase,GOLD,Barrick Gold CorpOption Type: PutStrike price:$17.00Expires:01/17/2025,"$1,001 - $15,000"
05/08/2024,06/14/2024,Tuberville,Thomas H,Purchase,GOLD,Barrick Gold CorpOption Type: PutStrike price:$17.00Expires:01/17/2025,"$1,001 - $15,000"
05/08/2024,06/14/2024,Tuberville,Thomas H,Purchase,ADBE,Adobe Systems IncOption Type: PutStrike price:$500.00Expires:12/20/2024,"$15,001 - $50,000"
05/08/2024,06/14/2024,Tuberville,Thomas H,Sale (Full),SWKS,"Skyworks Solutions, Inc. - Common Stock","$1,001 - $15,000"
05/08/2024,06/14/2024,Tuberville,Thomas H,Purchase,INTC,Intel Corporation - Common Stock,"$100,001 - $250,000"
05/08/2024,06/14/2024,Tuberville,Thomas H,Sale (Full),GILD,"Gilead Sciences, Inc. - Common Stock","$1,001 - $15,000"
05/07/2024,06/14/2024,Tuberville,Thomas H,Purchase,FITB,Fifth Third Bancorp - Common StockOption Type: CallStrike price:$30.00Expires:05/17/2024,"$1,001 - $15,000"
05/07/2024,06/14/2024,Tuberville,Thomas H,Purchase,GOLD,Barrick Gold CorpOption Type: CallStrike price:$20.00Expires:01/17/2025,"$1,001 - $15,000"
05/07/2024,06/14/2024,Tuberville,Thomas H,Purchase,CLF,Cleveland-Cliffs IncOption Type: CallStrike price:$20.00Expires:06/21/2024,"$1,001 - $15,000"
05/07/2024,06/14/2024,Tuberville,Thomas H,Purchase,CVX,Chevron Corporation Common StockOption Type: PutStrike price:$145.00Expires:09/20/2024,"$1,001 - $15,000"
05/07/2024,06/14/2024,Tuberville,Thomas H,Purchase,CLF,Cleveland-Cliffs IncOption Type: CallStrike price:$20.00Expires:11/15/2024,"$1,001 - $15,000"
05/07/2024,06/14/2024,Tuberville,Thomas H,Purchase,CCJ,Cameco Corporation Common StockOption Type: PutStrike price:$45.00Expires:09/20/2024,"$1,001 - $15,000"
05/07/2024,06/14/2024,Tuberville,Thomas H,Sale (Full),LSCC,Lattice Semiconductor Corporation - Common Stock,"$1,001 - $15,000"
05/07/2024,06/14/2024,Tuberville,Thomas H,Purchase,INTC,Intel Corporation - Common Stock,"$100,001 - $250,000"
05/07/2024,06/14/2024,Tuberville,Thomas H,Sale (Full),FITB,Fifth Third Bancorp - Common Stock,"$15,001 - $50,000"
05/07/2024,06/14/2024,Tuberville,Thomas H,Sale (Full),GOLD,Barrick Gold Corp,"$100,001 - $250,000"
05/07/2024,06/14/2024,Tuberville,Thomas H,Sale (Full),WMS,"Advanced Drainage Systems, Inc. Common Stock","$1,001 - $15,000"
05/03/2024,06/14/2024,Tuberville,Thomas H,Sale (Full),WAT,Waters Corporation Common Stock,"$1,001 - $15,000"
05/03/2024,06/14/2024,Tuberville,Thomas H,Sale (Full),V,Visa Inc.,"$1,001 - $15,000"
05/03/2024,06/14/2024,Tuberville,Thomas H,Sale (Full),VRTX,Vertex Pharmaceuticals Incorporated - Common Stock,"$1,001 - $15,000"
05/03/2024,06/14/2024,Tuberville,Thomas H,Sale (Full),VRSK,"Verisk Analytics, Inc. - Common Stock","$1,001 - $15,000"
05/03/2024,06/14/2024,Tuberville,Thomas H,Sale (Full),UI,Ubiquiti Inc. Common Stock,"$1,001 - $15,000"
05/03/2024,06/14/2024,Tuberville,Thomas H,Sale (Full),TER,"Teradyne, Inc. - Common Stock","$1,001 - $15,000"
05/03/2024,06/14/2024,Tuberville,Thomas H,Sale (Full),TEL,Te Connectivity Ltd,"$1,001 - $15,000"
05/03/2024,06/14/2024,Tuberville,Thomas H,Sale (Full),SNPS,"Synopsys, Inc. - Common Stock","$1,001 - $15,000"
05/03/2024,06/14/2024,Tuberville,Thomas H,Purchase,SOLV,Solventum Corporation Common Stock,"$1,001 - $15,000"
05/03/2024,06/14/2024,Tuberville,Thomas H,Sale (Full),--,ROLLS-ROYCE HOLDINGS PLC ADR,"$1,001 - $15,000"
05/03/2024,06/14/2024,Tuberville,Thomas H,Sale (Partial),--,ROLLS-ROYCE HOLDINGS PLC ADR,"$1,001 - $15,000"
05/03/2024,06/14/2024,Tuberville,Thomas H,Sale (Partial),--,ROLLS-ROYCE HOLDINGS PLC ADR,"$1,001 - $15,000"
05/03/2024,06/14/2024,Tuberville,Thomas H,Sale (Full),RMD,ResMed Inc. Common Stock,"$1,001 - $15,000"
05/03/2024,06/14/2024,Tuberville,Thomas H,Sale (Full),RELX,Relx Plc ADR,"$1,001 - $15,000"
05/03/2024,06/14/2024,Tuberville,Thomas H,Sale (Full),QLYS,"Qualys, Inc. - Common Stock","$1,001 - $15,000"
05/03/2024,06/14/2024,Tuberville,Thomas H,Sale (Full),PG,Procter & Gamble Company (The) Common Stock,"$1,001 - $15,000"
05/03/2024,06/14/2024,Tuberville,Thomas H,Sale (Full),PFE,"Pfizer, Inc. Common Stock","$15,001 - $50,000"
05/03/2024,06/14/2024,Tuberville,Thomas H,Sale (Full),PEP,"PepsiCo, Inc. - Common Stock","$1,001 - $15,000"
05/03/2024,06/14/2024,Tuberville,Thomas H,Sale (Full),PYPL,"PayPal Holdings, Inc. - Common Stock","$100,001 - $250,000"
05/03/2024,06/14/2024,Tuberville,Thomas H,Sale (Full),PAYX,"Paychex, Inc. - Common Stock","$1,001 - $15,000"
05/03/2024,06/14/2024,Tuberville,Thomas H,Sale (Full),ODFL,"Old Dominion Freight Line, Inc. - Common Stock","$1,001 - $15,000"
05/03/2024,06/14/2024,Tuberville,Thomas H,Sale (Full),NDSN,Nordson Corporation - Common Stock,"$1,001 - $15,000"
05/03/2024,06/14/2024,Tuberville,Thomas H,Sale (Full),NXPI,NXP Semiconductors N.V. - Common Stock,"$1,001 - $15,000"
05/03/2024,06/14/2024,Tuberville,Thomas H,Sale (Full),NFLX,"Netflix, Inc. - Common Stock","$1,001 - $15,000"
05/03/2024,06/14/2024,Tuberville,Thomas H,Sale (Full),MSI,"Motorola Solutions, Inc. Common Stock","$1,001 - $15,000"
05/03/2024,06/14/2024,Tuberville,Thomas H,Sale (Full),MCO,Moody's Corporation Common Stock,"$1,001 - $15,000"
05/03/2024,06/14/2024,Tuberville,Thomas H,Sale (Full),MPWR,"Monolithic Power Systems, Inc. - Common Stock","$1,001 - $15,000"
05/03/2024,06/14/2024,Tuberville,Thomas H,Sale (Full),MA,Mastercard Incorporated Common Stock,"$1,001 - $15,000"
05/03/2024,06/14/2024,Tuberville,Thomas H,Sale (Full),LULU,lululemon athletica inc. - Common Stock,"$1,001 - $15,000"
05/03/2024,06/14/2024,Tuberville,Thomas H,Sale (Full),KLAC,KLA Corporation  - Common Stock,"$1,001 - $15,000"
05/03/2024,06/14/2024,Tuberville,Thomas H,Sale (Full),INFY,Infosys Limited American Depositary Shares,"$1,001 - $15,000"
05/03/2024,06/14/2024,Tuberville,Thomas H,Sale (Full),ITW,Illinois Tool Works Inc. Common Stock,"$1,001 - $15,000"
05/03/2024,06/14/2024,Tuberville,Thomas H,Sale (Full),HUMA,"Humacyte, Inc. - Common Stock","$1,001 - $15,000"
05/03/2024,06/14/2024,Tuberville,Thomas H,Sale (Partial),HUMA,"Humacyte, Inc. - Common Stock","$15,001 - $50,000"
05/03/2024,06/14/2024,Tuberville,Thomas H,Sale (Full),HSY,The Hershey Company Common Stock,"$1,001 - $15,000"
05/03/2024,06/14/2024,Tuberville,Thomas H,Sale (Full),JKHY,"Jack Henry & Associates, Inc. - Common Stock","$1,001 - $15,000"
05/03/2024,06/14/2024,Tuberville,Thomas H,Sale (Full),GGG,Graco Inc. Common Stock,"$1,001 - $15,000"
05/03/2024,06/14/2024,Tuberville,Thomas H,Sale (Full),GRMN,Garmin Ltd. - Common Stock,"$1,001 - $15,000"
05/03/2024,06/14/2024,Tuberville,Thomas H,Sale (Full),GLPI,"Gaming and Leisure Properties, Inc. - Common Stock","$1,001 - $15,000"
05/03/2024,06/14/2024,Tuberville,Thomas H,Sale (Full),FDS,FactSet Research Systems Inc. Common Stock,"$1,001 - $15,000"
05/03/2024,06/14/2024,Tuberville,Thomas H,Sale (Full),ELS,"Equity Lifestyle Properties, Inc. Common Stock","$1,001 - $15,000"
05/03/2024,06/14/2024,Tuberville,Thomas H,Sale (Full),DECK,Deckers Outdoor Corporation Common Stock,"$1,001 - $15,000"
05/03/2024,06/14/2024,Tuberville,Thomas H,Sale (Full),CPRT,"Copart, Inc. - Common Stock","$1,001 - $15,000"
05/03/2024,06/14/2024,Tuberville,Thomas H,Sale (Full),CBSH,"Commerce Bancshares, Inc. - Common Stock","$1,001 - $15,000"
05/03/2024,06/14/2024,Tuberville,Thomas H,Sale (Full),CTAS,Cintas Corporation - Common Stock,"$1,001 - $15,000"
05/03/2024,06/14/2024,Tuberville,Thomas H,Sale (Full),CDNS,"Cadence Design Systems, Inc. - Common Stock","$1,001 - $15,000"
05/03/2024,06/14/2024,Tuberville,Thomas H,Sale (Full),DOW,Dow Inc. Common Stock,"$1,001 - $15,000"
05/03/2024,06/14/2024,Tuberville,Thomas H,Sale (Full),BRO,"Brown & Brown, Inc. Common Stock","$1,001 - $15,000"
05/03/2024,06/14/2024,Tuberville,Thomas H,Sale (Full),ASML,ASML Holding N.V. - New York Registry Shares,"$15,001 - $50,000"
05/03/2024,06/14/2024,Tuberville,Thomas H,Sale (Full),A,"Agilent Technologies, Inc. Common Stock","$1,001 - $15,000"
06/04/2024,06/13/2024,"McConnell, Jr.",A. Mitchell,Purchase,WFC,Wells Fargo & Company,"$1,001 - $15,000"
06/03/2024,06/10/2024,Hickenlooper,John W,Sale (Full),FWONK,Liberty Media Formula One Sr C,"$100,001 - $250,000"
06/03/2024,06/10/2024,Hickenlooper,John W,Purchase,FWONK,Liberty Media Formula One Sr C,"$100,001 - $250,000"
05/20/2024,06/10/2024,Hickenlooper,John W,Sale (Full),FWONK,Liberty Media Formula One Sr C,"$250,001 - $500,000"
05/20/2024,06/10/2024,Hickenlooper,John W,Purchase,FWONK,Liberty Media Formula One Sr C,"$100,001 - $250,000"
06/07/2024,06/07/2024,Mullin,Markwayne,Sale (Partial),--,Ishares TR Russell 1000 ETF,"$50,001 - $100,000"
05/08/2024,06/07/2024,Mullin,Markwayne,Sale (Partial),IWB,iShares Russell 1000 ETF,"$100,001 - $250,000"
05/08/2024,06/07/2024,Mullin,Markwayne,Sale (Partial),--,Pimco Commodities Plus Strategy Fund Class,"$15,001 - $50,000"
05/10/2024,06/06/2024,Whitehouse,Sheldon,Purchase,CCI,Crown Castle Inc,"$1,001 - $15,000"
05/08/2024,06/06/2024,Whitehouse,Sheldon,Sale (Full),DEO,Diageo Plc ADR,"$15,001 - $50,000"
05/31/2024,06/05/2024,Boozman,John,Purchase,GIGB,Goldman Sachs Access Investment Grade Corporate Bo,"$1,001 - $15,000"
05/31/2024,06/05/2024,Boozman,John,Sale (Partial),IVW,iShares S&P 500 Growth ETF,"$1,001 - $15,000"
05/31/2024,06/05/2024,Boozman,John,Sale (Partial),EFA,iShares MSCI EAFE ETF,"$1,001 - $15,000"
05/22/2024,06/03/2024,Carper,Thomas R,Purchase,TGT,Target Corp,"$1,001 - $15,000"
05/16/2024,06/03/2024,Carper,Thomas R,Purchase,VEA,Vanguard FTSE Developed Markets ETF,"$1,001 - $15,000"
05/16/2024,06/03/2024,Carper,Thomas R,Sale (Full),PRF,Invesco FTSE RAFI US 1000 ETF,"$1,001 - $15,000"
05/16/2024,06/03/2024,Carper,Thomas R,Purchase,VIG,Vanguard Div Appreciation ETF,"$1,001 - $15,000"
05/16/2024,06/03/2024,Carper,Thomas R,Purchase,COWZ,Pacer US Cash Cows 100 Index,"$1,001 - $15,000"
05/16/2024,06/03/2024,Carper,Thomas R,Purchase,ICOW,Pacer Developed Markets International Cash,"$1,001 - $15,000"
05/16/2024,06/03/2024,Carper,Thomas R,Sale (Full),EFAD,Proshares MSCI EAFE Dividend Growers ETF,"$1,001 - $15,000"
05/16/2024,06/03/2024,Carper,Thomas R,Sale (Partial),FDRR,Fidelity Dividend ETF For Rising Rates,"$1,001 - $15,000"
05/16/2024,06/03/2024,Carper,Thomas R,Purchase,VEA,Vanguard FTSE Developed Markets ETF,"$1,001 - $15,000"
05/16/2024,06/03/2024,Carper,Thomas R,Sale (Full),EFAD,Proshares MSCI EAFE Dividend Growers ETF,"$1,001 - $15,000"
05/15/2024,06/03/2024,Carper,Thomas R,Sale (Full),SMDV,ProShares Russell 2000 Dividend Growers ETF,"$1,001 - $15,000"
05/15/2024,06/03/2024,Carper,Thomas R,Purchase,CALF,Pacer US Small Cap Cash Cows 100 ETF,"$1,001 - $15,000"
05/14/2024,06/03/2024,Carper,Thomas R,Purchase,SRVR,Pacer Benchmark Data & Infrastructure Real Estate,"$1,001 - $15,000"
05/14/2024,06/03/2024,Carper,Thomas R,Sale (Full),MOO,VanEck Agribusiness ETF,"$1,001 - $15,000"
05/09/2024,06/03/2024,Carper,Thomas R,Sale (Full),ATKR,Atkore Inc,"$1,001 - $15,000"
05/09/2024,06/03/2024,Carper,Thomas R,Sale (Full),TTE,TotalEnergies SE,"$1,001 - $15,000"
05/09/2024,06/03/2024,Carper,Thomas R,Sale (Full),SBUX,Starbucks Corp,"$1,001 - $15,000"
05/09/2024,06/03/2024,Carper,Thomas R,Purchase,EMR,Emerson Electric Company,"$1,001 - $15,000"
05/09/2024,06/03/2024,Carper,Thomas R,Purchase,OXY,Occidental Petroleum Corp,"$1,001 - $15,000"
05/14/2024,05/23/2024,Peters,Gary C,Sale (Full),SOLV,Solventum Corporation,"$1,001 - $15,000"
05/14/2024,05/23/2024,Peters,Gary C,Sale (Full),CCL,Carnival Corp,"$1,001 - $15,000"
05/14/2024,05/23/2024,Peters,Gary C,Sale (Full),SLB,Schlumberger N.V.,"$1,001 - $15,000"
05/14/2024,05/23/2024,Peters,Gary C,Sale (Full),IFF,International Flavors & Fragrances,"$15,001 - $50,000"
04/09/2024,05/20/2024,Whitehouse,Sheldon,Sale (Full),RTX,RTX Corporation Common Stock,"$15,001 - $50,000"
04/09/2024,05/20/2024,Whitehouse,Sheldon,Sale (Full),DHR,Danaher Corp,"$15,001 - $50,000"
04/09/2024,05/20/2024,Whitehouse,Sheldon,Sale (Full),UL,Unilever Plc ADR,"$1,001 - $15,000"
04/09/2024,05/20/2024,Whitehouse,Sheldon,Sale (Full),IR,Ingersoll Rand Inc,"$1,001 - $15,000"
04/09/2024,05/20/2024,Whitehouse,Sheldon,Sale (Partial),NVS,Novartis Ag ADR,"$1,001 - $15,000"
04/30/2024,05/15/2024,Tuberville,Thomas H,Sale (Full),WBA,"Walgreens Boots Alliance, Inc. - Common Stock","$50,001 - $100,000"
04/30/2024,05/15/2024,Tuberville,Thomas H,Purchase,PYPL,"PayPal Holdings, Inc. - Common StockOption Type: PutStrike price:$75.00Expires:06/21/2024","$1,001 - $15,000"
04/30/2024,05/15/2024,Tuberville,Thomas H,Sale (Full),SBLK,Star Bulk Carriers Corp. - Common Shares,"$50,001 - $100,000"
04/30/2024,05/15/2024,Tuberville,Thomas H,Sale (Full),SSBK,"Southern States Bancshares, Inc. - Common Stock","$50,001 - $100,000"
04/30/2024,05/15/2024,Tuberville,Thomas H,Sale (Full),OXY,Occidental Petroleum Corporation Common Stock,"$15,001 - $50,000"
04/30/2024,05/15/2024,Tuberville,Thomas H,Sale (Full),NVDA,NVIDIA Corporation - Common Stock,"$15,001 - $50,000"
04/30/2024,05/15/2024,Tuberville,Thomas H,Sale (Full),KEY,KeyCorp Common Stock,"$50,001 - $100,000"
04/30/2024,05/15/2024,Tuberville,Thomas H,Sale (Full),GOGL,Golden Ocean Group Limited - Common Stock,"$50,001 - $100,000"
04/30/2024,05/15/2024,Tuberville,Thomas H,Sale (Full),XOM,Exxon Mobil Corporation Common Stock,"$50,001 - $100,000"
04/30/2024,05/15/2024,Tuberville,Thomas H,Sale (Full),CVX,Chevron Corporation Common Stock,"$100,001 - $250,000"
04/30/2024,05/15/2024,Tuberville,Thomas H,Sale (Partial),HUMA,"Humacyte, Inc. - Common Stock","$50,001 - $100,000"
04/29/2024,05/15/2024,Tuberville,Thomas H,Purchase,LSCC,Lattice Semiconductor Corporation - Common StockOption Type: PutStrike price:$70.00Expires:09/20/2024,"$1,001 - $15,000"
04/29/2024,05/15/2024,Tuberville,Thomas H,Purchase,LSCC,Lattice Semiconductor Corporation - Common StockOption Type: PutStrike price:$70.00Expires:09/20/2024,"$1,001 - $15,000"
04/29/2024,05/15/2024,Tuberville,Thomas H,Purchase,CVX,Chevron Corporation Common StockOption Type: CallStrike price:$160.00Expires:06/21/2024,"$1,001 - $15,000"
04/29/2024,05/15/2024,Tuberville,Thomas H,Purchase,CCL,Carnival Corporation Common StockOption Type: PutStrike price:$17.50Expires:06/21/2024,"$1,001 - $15,000"
04/29/2024,05/15/2024,Tuberville,Thomas H,Purchase,QCOM,QUALCOMM Incorporated - Common StockOption Type: PutStrike price:$155.00Expires:12/20/2024,"$15,001 - $50,000"
04/29/2024,05/15/2024,Tuberville,Thomas H,Purchase,QCOM,QUALCOMM Incorporated - Common StockOption Type: PutStrike price:$150.00Expires:12/20/2024,"$1,001 - $15,000"
04/29/2024,05/15/2024,Tuberville,Thomas H,Purchase,LSCC,Lattice Semiconductor Corporation - Common StockOption Type: PutStrike price:$75.00Expires:01/17/2025,"$1,001 - $15,000"
04/29/2024,05/15/2024,Tuberville,Thomas H,Purchase,LSCC,Lattice Semiconductor Corporation - Common StockOption Type: PutStrike price:$75.00Expires:01/17/2025,"$1,001 - $15,000"
04/29/2024,05/15/2024,Tuberville,Thomas H,Purchase,CLX,Clorox CompanyOption Type: PutStrike price:$135.00Expires:06/21/2024,"$1,001 - $15,000"
04/29/2024,05/15/2024,Tuberville,Thomas H,Purchase,SWKS,"Skyworks Solutions, Inc. - Common StockOption Type: PutStrike price:$100.00Expires:11/15/2024","$15,001 - $50,000"
04/29/2024,05/15/2024,Tuberville,Thomas H,Sale (Full),MMM,3M Company Common Stock,"$15,001 - $50,000"
04/29/2024,05/15/2024,Tuberville,Thomas H,Sale (Full),PAC,Grupo Aeroportuario Del Pacifico ADR,"$1,001 - $15,000"
04/18/2024,05/15/2024,Tuberville,Thomas H,Purchase,KMB,Kimberly-Clark Corporation Common StockOption Type: PutStrike price:$115.00Expires:06/21/2024,"$1,001 - $15,000"
04/18/2024,05/15/2024,Tuberville,Thomas H,Sale (Full),NTES,Netease Inc ADR,"$1,001 - $15,000"
04/05/2024,05/15/2024,Tuberville,Thomas H,Sale (Full),SWKS,"Skyworks Solutions, Inc. - Common StockOption Type: PutStrike price:$100.00Expires:11/15/2024","$15,001 - $50,000"
04/05/2024,05/15/2024,Tuberville,Thomas H,Purchase,TEL,Te Connectivity Ltd,"$1,001 - $15,000"
04/05/2024,05/15/2024,Tuberville,Thomas H,Purchase,SNPS,"Synopsys, Inc. - Common Stock","$1,001 - $15,000"
04/05/2024,05/15/2024,Tuberville,Thomas H,Purchase,SWKS,"Skyworks Solutions, Inc. - Common Stock","$1,001 - $15,000"
04/05/2024,05/15/2024,Tuberville,Thomas H,Purchase,QLYS,"Qualys, Inc. - Common Stock","$1,001 - $15,000"
04/05/2024,05/15/2024,Tuberville,Thomas H,Purchase,ODFL,"Old Dominion Freight Line, Inc. - Common Stock","$1,001 - $15,000"
04/05/2024,05/15/2024,Tuberville,Thomas H,Purchase,ODFL,"Old Dominion Freight Line, Inc. - Common Stock","$1,001 - $15,000"
04/05/2024,05/15/2024,Tuberville,Thomas H,Purchase,NFLX,"Netflix, Inc. - Common Stock","$1,001 - $15,000"
04/05/2024,05/15/2024,Tuberville,Thomas H,Purchase,MSI,"Motorola Solutions, Inc. Common Stock","$1,001 - $15,000"
04/05/2024,05/15/2024,Tuberville,Thomas H,Purchase,NTES,Netease Inc ADR,"$1,001 - $15,000"
04/05/2024,05/15/2024,Tuberville,Thomas H,Purchase,LULU,lululemon athletica inc. - Common Stock,"$1,001 - $15,000"
04/05/2024,05/15/2024,Tuberville,Thomas H,Purchase,LSCC,Lattice Semiconductor Corporation - Common Stock,"$1,001 - $15,000"
04/05/2024,05/15/2024,Tuberville,Thomas H,Purchase,JKHY,"Jack Henry & Associates, Inc. - Common Stock","$1,001 - $15,000"
04/05/2024,05/15/2024,Tuberville,Thomas H,Purchase,PAC,"Grupo Aeroportuario Del Pacifico, S.A. B. de C.V.","$1,001 - $15,000"
04/05/2024,05/15/2024,Tuberville,Thomas H,Purchase,GILD,"Gilead Sciences, Inc. - Common Stock","$1,001 - $15,000"
04/05/2024,05/15/2024,Tuberville,Thomas H,Purchase,DECK,Deckers Outdoor Corporation Common Stock,"$1,001 - $15,000"
04/05/2024,05/15/2024,Tuberville,Thomas H,Purchase,CBSH,"Commerce Bancshares, Inc. - Common Stock","$1,001 - $15,000"
04/05/2024,05/15/2024,Tuberville,Thomas H,Purchase,BRO,"Brown & Brown, Inc. Common Stock","$1,001 - $15,000"
04/05/2024,05/15/2024,Tuberville,Thomas H,Purchase,A,"Agilent Technologies, Inc. Common Stock","$1,001 - $15,000"
04/04/2024,05/15/2024,Tuberville,Thomas H,Purchase,AMAT,"Applied Materials, Inc. - Common StockOption Type: PutStrike price:$135.00Expires:09/20/2024","$1,001 - $15,000"
04/04/2024,05/15/2024,Tuberville,Thomas H,Sale (Full),WU,Western Union Company (The) Common Stock,"$1,001 - $15,000"
04/04/2024,05/15/2024,Tuberville,Thomas H,Purchase,AMAT,"Applied Materials, Inc. - Common StockOption Type: PutStrike price:$180.00Expires:01/17/2025","$15,001 - $50,000"
04/04/2024,05/15/2024,Tuberville,Thomas H,Purchase,AMAT,"Applied Materials, Inc. - Common StockOption Type: PutStrike price:$175.00Expires:01/17/2025","$1,001 - $15,000"
04/04/2024,05/15/2024,Tuberville,Thomas H,Sale (Full),SSD,"Simpson Manufacturing Company, Inc. Common Stock","$1,001 - $15,000"
04/04/2024,05/15/2024,Tuberville,Thomas H,Sale (Full),ROK,"Rockwell Automation, Inc. Common Stock","$1,001 - $15,000"
04/04/2024,05/15/2024,Tuberville,Thomas H,Sale (Full),QSR,Restaurant Brands International Inc,"$1,001 - $15,000"
04/04/2024,05/15/2024,Tuberville,Thomas H,Sale (Full),REGN,"Regeneron Pharmaceuticals, Inc. - Common Stock","$1,001 - $15,000"
04/04/2024,05/15/2024,Tuberville,Thomas H,Sale (Full),PHM,"PulteGroup, Inc. Common Stock","$1,001 - $15,000"
04/04/2024,05/15/2024,Tuberville,Thomas H,Sale (Full),PAYC,"Paycom Software, Inc. Common Stock","$1,001 - $15,000"
04/04/2024,05/15/2024,Tuberville,Thomas H,Sale (Full),NDAQ,"Nasdaq, Inc. - Common Stock","$1,001 - $15,000"
04/04/2024,05/15/2024,Tuberville,Thomas H,Sale (Full),KEYS,Keysight Technologies Inc. Common Stock,"$1,001 - $15,000"
04/03/2024,05/15/2024,Tuberville,Thomas H,Sale (Full),LSCC,Lattice Semiconductor Corporation - Common StockOption Type: PutStrike price:$70.00Expires:09/20/2024,"$1,001 - $15,000"
04/03/2024,05/15/2024,Tuberville,Thomas H,Purchase,BMY,Bristol-Myers Squibb Company Common StockOption Type: PutStrike price:$50.00Expires:06/21/2024,"$1,001 - $15,000"
04/03/2024,05/15/2024,Tuberville,Thomas H,Purchase,ABBV,AbbVie Inc. Common StockOption Type: PutStrike price:$130.00Expires:09/20/2024,"$1,001 - $15,000"
04/03/2024,05/15/2024,Tuberville,Thomas H,Sale (Full),GILD,"Gilead Sciences, Inc. - Common StockOption Type: PutStrike price:$70.00Expires:11/15/2024","$1,001 - $15,000"
04/03/2024,05/15/2024,Tuberville,Thomas H,Sale (Full),LSCC,Lattice Semiconductor Corporation - Common StockOption Type: PutStrike price:$75.00Expires:01/17/2025,"$15,001 - $50,000"
04/03/2024,05/15/2024,Tuberville,Thomas H,Purchase,MCHP,Microchip Technology Incorporated - Common StockOption Type: PutStrike price:$80.00Expires:10/18/2024,"$1,001 - $15,000"
04/03/2024,05/15/2024,Tuberville,Thomas H,Purchase,MCHP,Microchip Technology Incorporated - Common StockOption Type: PutStrike price:$80.00Expires:10/18/2024,"$1,001 - $15,000"
04/03/2024,05/15/2024,Tuberville,Thomas H,Sale (Full),CCJ,Cameco Corporation Common StockOption Type: PutStrike price:$45.00Expires:09/20/2024,"$1,001 - $15,000"
04/03/2024,05/15/2024,Tuberville,Thomas H,Sale (Full),MCHP,Microchip Technology Incorporated - Common Stock,"$1,001 - $15,000"
04/03/2024,05/15/2024,Tuberville,Thomas H,Sale (Full),LLY,Eli Lilly and Company Common Stock,"$15,001 - $50,000"
04/03/2024,05/15/2024,Tuberville,Thomas H,Sale (Full),FTNT,"Fortinet, Inc. - Common Stock","$1,001 - $15,000"
04/03/2024,05/15/2024,Tuberville,Thomas H,Sale (Full),IEX,IDEX Corporation Common Stock,"$1,001 - $15,000"
04/03/2024,05/15/2024,Tuberville,Thomas H,Sale (Full),EXR,Extra Space Storage Inc Common Stock,"$1,001 - $15,000"
04/03/2024,05/15/2024,Tuberville,Thomas H,Sale (Full),BMY,Bristol-Myers Squibb Company Common Stock,"$1,001 - $15,000"
04/03/2024,05/15/2024,Tuberville,Thomas H,Sale (Full),AVGO,Broadcom Inc. - Common Stock,"$15,001 - $50,000"
04/23/2024,05/13/2024,Capito,Shelley M,Sale (Partial),JPM,JP Morgan Chase & Company,"$1,001 - $15,000"
04/23/2024,05/13/2024,Capito,Shelley M,Sale (Partial),MSFT,Microsoft Corp,"$1,001 - $15,000"
04/23/2024,05/13/2024,Capito,Shelley M,Sale (Partial),AAPL,Apple Inc,"$1,001 - $15,000"
04/09/2024,05/13/2024,Capito,Shelley M,Sale (Partial),MSFT,Microsoft Corp,"$1,001 - $15,000"
04/09/2024,05/13/2024,Capito,Shelley M,Sale (Partial),GWW,W.W. Grainger,"$1,001 - $15,000"
04/09/2024,05/13/2024,Capito,Shelley M,Sale (Partial),SPGI,S&P Global Inc,"$1,001 - $15,000"
04/09/2024,05/13/2024,Capito,Shelley M,Sale (Partial),AAPL,Apple Inc,"$1,001 - $15,000"
12/28/2023,05/08/2024,Graham,Lindsey,Sale (Partial),VIG,Vanguard Div Appreciation ETF,"$15,001 - $50,000"
12/28/2023,05/08/2024,Graham,Lindsey,Purchase,USFR,Wisdomtree Floating Rate Treasury Fund,"$15,001 - $50,000"
03/28/2024,05/08/2024,Boozman,John,Sale (Full),HES,Hess Corp,"$1,001 - $15,000"
03/28/2024,05/08/2024,Boozman,John,Purchase,AMAT,Applied Materials,"$1,001 - $15,000"
02/20/2024,05/08/2024,Boozman,John,Sale (Partial),SCHP,Schwab U.S. TIPS ETF,"$1,001 - $15,000"
02/20/2024,05/08/2024,Boozman,John,Sale (Partial),IEF,iShares 7-10 Year Treasury Bond ETF,"$1,001 - $15,000"
02/20/2024,05/08/2024,Boozman,John,Purchase,TLH,iShares 10-20 Year Treasury Bond ETF,"$1,001 - $15,000"
02/20/2024,05/08/2024,Boozman,John,Purchase,TLT,iShares 20+ Year Treasury Bond ETF,"$1,001 - $15,000"
04/11/2024,05/07/2024,Boozman,John,Sale (Partial),EFA,iShares MSCI EAFE ETF,"$15,001 - $50,000"
04/16/2024,05/07/2024,Boozman,John,Sale (Partial),CMBS,iShares CMBS Bond ETF,"$1,001 - $15,000"
04/16/2024,05/07/2024,Boozman,John,Purchase,JMBS,Janus Henderson Mortgage-Backed Securities ETF,"$1,001 - $15,000"
04/11/2024,05/07/2024,Boozman,John,Purchase,SCZ,iShares MSCI EAFE Small-Cap ETF,"$15,001 - $50,000"
04/03/2024,05/02/2024,Mullin,Markwayne,Sale (Partial),ZTS,Zoetis Inc. Class A Common Stock,"$1,001 - $15,000"
04/03/2024,05/01/2024,Mullin,Markwayne,Sale (Partial),ZTS,Zoetis Inc. Class A Common Stock,"$1,001 - $15,000"
04/11/2024,04/30/2024,Carper,Thomas R,Sale (Partial),VLO,Valero Energy Corp,"$1,001 - $15,000"
04/11/2024,04/30/2024,Carper,Thomas R,Purchase,ENB,Enbridge Inc,"$1,001 - $15,000"
03/22/2024,04/24/2024,Whitehouse,Sheldon,Sale (Full),UL,Unilever Plc ADR,"$1,001 - $15,000"
03/13/2024,04/24/2024,Whitehouse,Sheldon,Sale (Full),CMCSA,Comcast Corp A,"$15,001 - $50,000"
04/15/2024,04/24/2024,Cruz,Rafael E,Sale (Partial),GS,Goldman Sachs Group,"$250,001 - $500,000"
04/04/2024,04/19/2024,Smith,Tina,Sale (Partial),PODD,Insulet Corporation - Common Stock,"$50,001 - $100,000"
04/04/2024,04/19/2024,Smith,Tina,Sale (Partial),NEE,Nextera Energy,"$100,001 - $250,000"
03/07/2024,04/17/2024,"King, Jr.",Angus S,Purchase,VZ,Verizon Communications Inc,"$1,001 - $15,000"
03/21/2024,04/15/2024,Tuberville,Thomas H,Purchase,WBA,"Walgreens Boots Alliance, Inc. - Common Stock","$15,001 - $50,000"
03/21/2024,04/15/2024,Tuberville,Thomas H,Purchase,PARA,Paramount Global - Class B Common Stock,"$15,001 - $50,000"
03/21/2024,04/15/2024,Tuberville,Thomas H,Purchase,--,ROLLS-ROYCE HOLDINGS PLC SPONSORED ADR,"$1,001 - $15,000"
03/21/2024,04/15/2024,Tuberville,Thomas H,Purchase,--,ROLLS-ROYCE HOLDINGS PLC SPONSORED ADR,"$1,001 - $15,000"
03/21/2024,04/15/2024,Tuberville,Thomas H,Purchase,HUMA,Humacyte Inc,"$1,001 - $15,000"
03/21/2024,04/15/2024,Tuberville,Thomas H,Purchase,HUMA,"Humacyte, Inc. - Common Stock","$1,001 - $15,000"
03/21/2024,04/15/2024,Tuberville,Thomas H,Purchase,HUMA,"Humacyte, Inc. - Common Stock","$15,001 - $50,000"
03/13/2024,04/15/2024,Tuberville,Thomas H,Sale (Full),QCOM,QUALCOMM Incorporated - Common StockOption Type: PutStrike price:$155.00Expires:12/20/2024,"$15,001 - $50,000"
03/13/2024,04/15/2024,Tuberville,Thomas H,Sale (Full),ADBE,Adobe Systems IncOption Type: PutStrike price:$500.00Expires:12/20/2024,"$1,001 - $15,000"
03/13/2024,04/15/2024,Tuberville,Thomas H,Sale (Full),ADBE,Adobe Systems IncOption Type: PutStrike price:$500.00Expires:12/20/2024,"$1,001 - $15,000"
03/13/2024,04/15/2024,Tuberville,Thomas H,Sale (Full),ADBE,Adobe Systems IncOption Type: PutStrike price:$500.00Expires:12/20/2024,"$1,001 - $15,000"
03/13/2024,04/15/2024,Tuberville,Thomas H,Sale (Full),ADBE,Adobe Systems IncOption Type: PutStrike price:$500.00Expires:12/20/2024,"$1,001 - $15,000"
03/08/2024,04/15/2024,Tuberville,Thomas H,Sale (Full),AMAT,"Applied Materials, Inc. - Common StockOption Type: PutStrike price:$175.00Expires:01/17/2025","$1,001 - $15,000"
03/12/2024,04/15/2024,Tuberville,Thomas H,Sale (Full),AAPL,Apple Inc,"$15,001 - $50,000"
03/12/2024,04/15/2024,Tuberville,Thomas H,Sale (Full),ACN,Accenture Plc,"$1,001 - $15,000"
03/12/2024,04/15/2024,Tuberville,Thomas H,Sale (Full),CSX,CSX Corporation - Common Stock,"$15,001 - $50,000"
03/12/2024,04/15/2024,Tuberville,Thomas H,Sale (Full),JPM,JP Morgan Chase & Co. Common Stock,"$1,001 - $15,000"
03/12/2024,04/15/2024,Tuberville,Thomas H,Sale (Full),TXN,Texas Instruments Incorporated - Common Stock,"$1,001 - $15,000"
03/27/2024,04/12/2024,Wyden,Ron L,Sale (Full),UPS,"United Parcel Service, Inc. Common Stock","$100,001 - $250,000"
03/12/2024,04/11/2024,Hickenlooper,John W,Sale (Partial),LSXMK,Liberty Media Corporation - Series C Liberty Siriu,"$15,001 - $50,000"
03/12/2024,04/11/2024,Hickenlooper,John W,Sale (Partial),--,FWONK - Formula One Group,"$50,001 - $100,000"
03/28/2024,03/29/2024,Carper,Thomas R,Purchase,D,Dominion Energy Inc,"$1,001 - $15,000"
03/28/2024,03/29/2024,Carper,Thomas R,Sale (Full),MOS,Mosaic Company,"$1,001 - $15,000"
03/28/2024,03/29/2024,Carper,Thomas R,Purchase,NTR,Nutrien Ltd,"$1,001 - $15,000"
03/21/2024,03/29/2024,Carper,Thomas R,Sale (Full),INOD,Innodata Inc,"$1,001 - $15,000"
03/21/2024,03/29/2024,Carper,Thomas R,Sale (Full),SOFI,Sofi Technologies Inc,"$1,001 - $15,000"
03/21/2024,03/29/2024,Carper,Thomas R,Purchase,ALTM,Arcadium Lithium Plc,"$1,001 - $15,000"
03/13/2024,03/29/2024,Carper,Thomas R,Sale (Partial),CEF,Sprott Physical Gold & Silver Trust,"$1,001 - $15,000"
03/13/2024,03/29/2024,Carper,Thomas R,Sale (Partial),CEF,Sprott Physical Gold & Silver Trust,"$1,001 - $15,000"
03/13/2024,03/29/2024,Carper,Thomas R,Purchase,SQM,Sociedad Quimica Y Minera S.A. ADR,"$1,001 - $15,000"
03/13/2024,03/29/2024,Carper,Thomas R,Sale (Partial),CEF,Sprott Physical Gold & Silver Trust,"$1,001 - $15,000"
03/13/2024,03/29/2024,Carper,Thomas R,Sale (Partial),GLD,SPDR Gold Trust,"$1,001 - $15,000"
03/11/2024,03/29/2024,Carper,Thomas R,Sale (Full),ETRN,Equitrans Midstream Corp,"$1,001 - $15,000"
03/07/2024,03/29/2024,Carper,Thomas R,Purchase,NVDA,Nvidia Corp,"$1,001 - $15,000"
03/07/2024,03/29/2024,Carper,Thomas R,Sale (Partial),AAPL,Apple Inc,"$1,001 - $15,000"
03/05/2024,03/29/2024,Carper,Thomas R,Purchase,ICLN,Global Clean Energy Ishares ETF,"$50,001 - $100,000"
